Mark,Description,InitStatus,PerturbationResistant,Room
1,,,1,room1
2,isolation_A,1,1,room1
3,isolation_A,1,1,room1
4,,,1,room1
5,,,1,room1
6,,,0,room4
7,,,0,room4
8,,,0,room4
9,,,0,room3
15,,,0,room3
16,,,0,room3
17,,,0,room3
10,,,0,room3
11,,,0,room2
19,,,0,room2
12,,,0,room2
14,,,0,room2
13,,,0,room2
18,,,0,room2
